[
    {
        "pk": 1, 
        "model": "teams.position", 
        "fields": {
            "name": "Tor", 
            "slug": "T"
        }
    }, 
    {
        "pk": 2, 
        "model": "teams.position", 
        "fields": {
            "name": "Fl\u00fcgel links", 
            "slug": "FL"
        }
    }, 
    {
        "pk": 3, 
        "model": "teams.position", 
        "fields": {
            "name": "Fl\u00fcgel rechts", 
            "slug": "FR"
        }
    }, 
    {
        "pk": 4, 
        "model": "teams.position", 
        "fields": {
            "name": "R\u00fcckraum links", 
            "slug": "RL"
        }
    }, 
    {
        "pk": 5, 
        "model": "teams.position", 
        "fields": {
            "name": "R\u00fcckraum rechts", 
            "slug": "RR"
        }
    }, 
    {
        "pk": 6, 
        "model": "teams.position", 
        "fields": {
            "name": "R\u00fcckraum mitte", 
            "slug": "RM"
        }
    }, 
    {
        "pk": 7, 
        "model": "teams.position", 
        "fields": {
            "name": "Kreis", 
            "slug": "K"
        }
    }, 
    {
        "pk": 13, 
        "model": "teams.position", 
        "fields": {
            "name": "Feldspieler", 
            "slug": "feldspieler"
        }
    }, 
    {
        "pk": 17, 
        "model": "teams.person", 
        "fields": {
            "slug": "adrian_gossweiler", 
            "first_name": "Adrian", 
            "last_name": "Gossweiler", 
            "sortorder": 0
        }
    }, 
    {
        "pk": 35, 
        "model": "teams.person", 
        "fields": {
            "slug": "andreas_stierli", 
            "first_name": "Andreas", 
            "last_name": "Stierli", 
            "sortorder": 0 
 
        }
    }, 
    {
        "pk": 24, 
        "model": "teams.person", 
        "fields": {
            "slug": "barbara_wiget", 
            "first_name": "Barbara", 
            "last_name": "Wiget-Liebi", 
            "sortorder": 0 
 
        }
    }, 
    {
        "pk": 79, 
        "model": "teams.person", 
        "fields": {
            "slug": "beat_kessler", 
            "first_name": "Beat ", 
            "last_name": "Kessler", 
            "sortorder": 0 
 
        }
    }, 
    {
        "pk": 42, 
        "model": "teams.person", 
        "fields": {
            "slug": "benjamin_mueller", 
            "first_name": "Benjamin", 
            "last_name": "M\u00fcller", 
            "sortorder": 0 
 
        }
    }, 
    {
        "pk": 1, 
        "model": "teams.person", 
        "fields": {
            "slug": "charly_wilhelm", 
            "first_name": "Charly", 
            "last_name": "Wilhelm", 
            "sortorder": 0 
 
        }
    }, 
    {
        "pk": 5, 
        "model": "teams.person", 
        "fields": {
            "slug": "christian_gossweiler", 
            "first_name": "Christian", 
            "last_name": "Gossweiler", 
            "sortorder": 0 
 
        }
    }, 
    {
        "pk": 43, 
        "model": "teams.person", 
        "fields": {
            "slug": "christian_mueller", 
            "first_name": "Christian", 
            "last_name": "M\u00fcller", 
            "sortorder": 0 
 
        }
    }, 
    {
        "pk": 15, 
        "model": "teams.person", 
        "fields": {
            "slug": "christoph_hert", 
            "first_name": "Christoph", 
            "last_name": "Hert", 
            "sortorder": 0 
 
        }
    }, 
    {
        "pk": 45, 
        "model": "teams.person", 
        "fields": {
            "slug": "christoph_pfyffer", 
            "first_name": "Christoph", 
            "last_name": "Pfyffer", 
            "sortorder": 0
 
        }
    }, 
    {
        "pk": 66, 
        "model": "teams.person", 
        "fields": {
            "slug": "cj_ettling", 
            "first_name": "C.J.", 
            "last_name": "Ettling", 
            "sortorder": 0 
 
        }
    }, 
    {
        "pk": 64, 
        "model": "teams.person", 
        "fields": {
            "slug": "daniel_blatter", 
            "first_name": "Daniel", 
            "last_name": "Blatter", 
            "sortorder": 0 
 
        }
    }, 
    {
        "pk": 70, 
        "model": "teams.person", 
        "fields": {
            "slug": "dario_glanzmann", 
            "first_name": "Dario", 
            "last_name": "Glanzmann", 
            "sortorder": 0 
 
        }
    }, 
    {
        "pk": 72, 
        "model": "teams.person", 
        "fields": {
            "slug": "david_hug", 
            "first_name": "David ", 
            "last_name": "Hug", 
            "sortorder": 0 
 
        }
    }, 
    {
        "pk": 40, 
        "model": "teams.person", 
        "fields": {
            "slug": "dominik_hostettler", 
            "first_name": "Dominik", 
            "last_name": "Hostettler", 
            "sortorder": 0
 
        }
    }, 
    {
        "pk": 25, 
        "model": "teams.person", 
        "fields": {
            "slug": "eric_reiss", 
            "first_name": "Eric", 
            "last_name": "Reiss", 
            "sortorder": 0 
 
        }
    }, 
    {
        "pk": 16, 
        "model": "teams.person", 
        "fields": {
            "slug": "fabian_mueller", 
            "first_name": "Fabian", 
            "last_name": "M\u00fcller", 
            "sortorder": 0 
 
        }
    }, 
    {
        "pk": 75, 
        "model": "teams.person", 
        "fields": {
            "slug": "fabian_steger", 
            "first_name": "Fabian", 
            "last_name": "Steger", 
            "sortorder": 0 
 
        }
    }, 
    {
        "pk": 63, 
        "model": "teams.person", 
        "fields": {
            "slug": "felix_blaser", 
            "first_name": "Felix", 
            "last_name": "Blaser", 
            "sortorder": 0 
 
        }
    }, 
    {
        "pk": 51, 
        "model": "teams.person", 
        "fields": {
            "slug": "felix_meier", 
            "first_name": "Felix", 
            "last_name": "Meier", 
            "sortorder": 0
 
        }
    }, 
    {
        "pk": 53, 
        "model": "teams.person", 
        "fields": {
            "slug": "flavio_wyss", 
            "first_name": "Flavio", 
            "last_name": "Wyss", 
            "sortorder": 0 
 
        }
    }, 
    {
        "pk": 38, 
        "model": "teams.person", 
        "fields": {
            "slug": "florian_lehmann", 
            "first_name": "Florian", 
            "last_name": "Lehmann", 
            "sortorder": 0
 
        }
    }, 
    {
        "pk": 4, 
        "model": "teams.person", 
        "fields": {
            "slug": "florian_scholl", 
            "first_name": "Florian", 
            "last_name": "Scholl", 
            "sortorder": 0
 
        }
    }, 
    {
        "pk": 26, 
        "model": "teams.person", 
        "fields": {
            "slug": "florian_steiner", 
            "first_name": "Florian", 
            "last_name": "Steiner", 
            "sortorder": 0
 
        }
    }, 
    {
        "pk": 48, 
        "model": "teams.person", 
        "fields": {
            "slug": "flurin_guyer", 
            "first_name": "Flurin", 
            "last_name": "Guyer", 
            "sortorder": 0
 
        }
    }, 
    {
        "pk": 3, 
        "model": "teams.person", 
        "fields": {
            "slug": "gilles_gloor", 
            "first_name": "Gilles", 
            "last_name": "Gloor", 
            "sortorder": 0 
 
        }
    }, 
    {
        "pk": 49, 
        "model": "teams.person", 
        "fields": {
            "slug": "guido_heini", 
            "first_name": "Guido", 
            "last_name": "Heini", 
            "sortorder": 0
        }
    }, 
    {
        "pk": 59, 
        "model": "teams.person", 
        "fields": {
            "slug": "heinz_lang", 
            "first_name": "Heinz", 
            "last_name": "Lang", 
            "sortorder": 0
 
        }
    }, 
    {
        "pk": 76, 
        "model": "teams.person", 
        "fields": {
            "slug": "herbert_scholl", 
            "first_name": "Herbert H.", 
            "last_name": "Scholl", 
            "sortorder": 0 
 
        }
    }, 
    {
        "pk": 14, 
        "model": "teams.person", 
        "fields": {
            "slug": "ivan_antic", 
            "first_name": "Ivan", 
            "last_name": "Antic", 
            "sortorder": 0 
 
        }
    }, 
    {
        "pk": 12, 
        "model": "teams.person", 
        "fields": {
            "slug": "jonas_loretz", 
            "first_name": "Jonas", 
            "last_name": "Loretz", 
            "sortorder": 0 
 
        }
    }, 
    {
        "pk": 36, 
        "model": "teams.person", 
        "fields": {
            "slug": "josef_zuber", 
            "first_name": "Josef", 
            "last_name": "Zuber", 
            "sortorder": 0 
 
        }
    }, 
    {
        "pk": 67, 
        "model": "teams.person", 
        "fields": {
            "slug": "luca_geissbuehler", 
            "first_name": "Luca", 
            "last_name": "Geissb\u00fchler", 
            "sortorder": 0 
 
        }
    }, 
    {
        "pk": 62, 
        "model": "teams.person", 
        "fields": {
            "slug": "luigi_di_salvatore", 
            "first_name": "Luigi", 
            "last_name": "Di Salvatore", 
            "sortorder": 0 
 
        }
    }, 
    {
        "pk": 50, 
        "model": "teams.person", 
        "fields": {
            "slug": "lukas_koch", 
            "first_name": "Lukas", 
            "last_name": "Koch", 
            "sortorder": 0 
 
        }
    }, 
    {
        "pk": 27, 
        "model": "teams.person", 
        "fields": {
            "slug": "lukas_loretz", 
            "first_name": "Lukas", 
            "last_name": "Loretz", 
            "sortorder": 0 
 
        }
    }, 
    {
        "pk": 21, 
        "model": "teams.person", 
        "fields": {
            "slug": "manuela_moser", 
            "first_name": "Manuela", 
            "last_name": "Moser", 
            "sortorder": 0 
 
        }
    }, 
    {
        "pk": 9, 
        "model": "teams.person", 
        "fields": {
            "slug": "manuel_gautschi", 
            "first_name": "Manuel", 
            "last_name": "Gautschi", 
            "sortorder": 0 
 
        }
    }, 
    {
        "pk": 33, 
        "model": "teams.person", 
        "fields": {
            "slug": "manuel_rey", 
            "first_name": "Manuel", 
            "last_name": "Rey", 
            "sortorder": 0 
 
        }
    }, 
    {
        "pk": 29, 
        "model": "teams.person", 
        "fields": {
            "slug": "markus_huesser", 
            "first_name": "Markus", 
            "last_name": "H\u00fcsser", 
            "sortorder": 0 
 
        }
    }, 
    {
        "pk": 74, 
        "model": "teams.person", 
        "fields": {
            "slug": "markus_lehmann", 
            "first_name": "Markus", 
            "last_name": "Lehmann", 
            "sortorder": 0 
 
        }
    }, 
    {
        "pk": 46, 
        "model": "teams.person", 
        "fields": {
            "slug": "markus_widmer", 
            "first_name": "Markus", 
            "last_name": "Widmer", 
            "sortorder": 0
 
        }
    }, 
    {
        "pk": 13, 
        "model": "teams.person", 
        "fields": {
            "slug": "martin_friedli", 
            "first_name": "Martin", 
            "last_name": "Friedli", 
            "sortorder": 0 
 
        }
    }, 
    {
        "pk": 55, 
        "model": "teams.person", 
        "fields": {
            "slug": "martin_stalder", 
            "first_name": "Martin", 
            "last_name": "Stalder", 
            "sortorder": 0
 
        }
    }, 
    {
        "pk": 6, 
        "model": "teams.person", 
        "fields": {
            "slug": "mathias_lanz", 
            "first_name": "Mathias", 
            "last_name": "Lanz", 
            "sortorder": 0 
 
        }
    }, 
    {
        "pk": 80, 
        "model": "teams.person", 
        "fields": {
            "slug": "meiko_hitz", 
            "first_name": "Meiko", 
            "last_name": "Hitz", 
            "sortorder": 0 
 
        }
    }, 
    {
        "pk": 41, 
        "model": "teams.person", 
        "fields": {
            "slug": "michael_kurmann", 
            "first_name": "Michael", 
            "last_name": "Kurmann", 
            "sortorder": 0
 
        }
    }, 
    {
        "pk": 44, 
        "model": "teams.person", 
        "fields": {
            "slug": "michael_mueller", 
            "first_name": "Michael", 
            "last_name": "M\u00fcller", 
            "sortorder": 0
 
        }
    }, 
    {
        "pk": 2, 
        "model": "teams.person", 
        "fields": {
            "slug": "michael_schoch", 
            "first_name": "Michael", 
            "last_name": "Schoch", 
            "sortorder": 0 
 
        }
    }, 
    {
        "pk": 31, 
        "model": "teams.person", 
        "fields": {
            "slug": "natan_burgherr", 
            "first_name": "Natan", 
            "last_name": "Burgherr", 
            "sortorder": 0 
 
        }
    }, 
    {
        "pk": 37, 
        "model": "teams.person", 
        "fields": {
            "slug": "nicolas_baumgaertner", 
            "first_name": "Nicolas", 
            "last_name": "Baumg\u00e4rtner", 
            "sortorder": 0 
 
        }
    }, 
    {
        "pk": 28, 
        "model": "teams.person", 
        "fields": {
            "slug": "nicolas_gautschi", 
            "first_name": "Nicolas", 
            "last_name": "Gautschi", 
            "sortorder": 0 
 
        }
    }, 
    {
        "pk": 77, 
        "model": "teams.person", 
        "fields": {
            "slug": "nik_meuter", 
            "first_name": "Nik", 
            "last_name": "Meuter", 
            "sortorder": 0 
 
        }
    }, 
    {
        "pk": 47, 
        "model": "teams.person", 
        "fields": {
            "slug": "pascal_stenz", 
            "first_name": "Pascal", 
            "last_name": "Stenz", 
            "sortorder": 0
 
        }
    }, 
    {
        "pk": 71, 
        "model": "teams.person", 
        "fields": {
            "slug": "patrick_huebscher", 
            "first_name": "Patrick", 
            "last_name": "H\u00fcbscher", 
            "sortorder": 0 
 
        }
    }, 
    {
        "pk": 23, 
        "model": "teams.person", 
        "fields": {
            "slug": "peter_wagenaar", 
            "first_name": "Peter", 
            "last_name": "Wagenaar", 
            "sortorder": 0 
 
        }
    }, 
    {
        "pk": 68, 
        "model": "teams.person", 
        "fields": {
            "slug": "rafael_gfeller", 
            "first_name": "Rafael", 
            "last_name": "Gfeller", 
            "sortorder": 0 
 
        }
    }, 
    {
        "pk": 61, 
        "model": "teams.person", 
        "fields": {
            "slug": "raffaela_arcadio", 
            "first_name": "Raffaela", 
            "last_name": "Arcadio", 
            "sortorder": 0 
 
        }
    }, 
    {
        "pk": 8, 
        "model": "teams.person", 
        "fields": {
            "slug": "raphael_steger", 
            "first_name": "Raphael", 
            "last_name": "Steger", 
            "sortorder": 0
 
        }
    }, 
    {
        "pk": 52, 
        "model": "teams.person", 
        "fields": {
            "slug": "raphael_steiner", 
            "first_name": "Raphael", 
            "last_name": "Steiner", 
            "sortorder": 0
 
        }
    }, 
    {
        "pk": 20, 
        "model": "teams.person", 
        "fields": {
            "slug": "raymond_alder", 
            "first_name": "Raymond", 
            "last_name": "Alder", 
            "sortorder": 0 
 
        }
    }, 
    {
        "pk": 18, 
        "model": "teams.person", 
        "fields": {
            "slug": "robert_nieberg", 
            "first_name": "Robert", 
            "last_name": "Nieberg", 
            "sortorder": 0 
 
        }
    }, 
    {
        "pk": 65, 
        "model": "teams.person", 
        "fields": {
            "slug": "roger_burger", 
            "first_name": "Roger", 
            "last_name": "Burger", 
            "sortorder": 0 
 
        }
    }, 
    {
        "pk": 56, 
        "model": "teams.person", 
        "fields": {
            "slug": "rolf_bachmann", 
            "first_name": "Rolf", 
            "last_name": "Bachmann", 
            "sortorder": 0 
 
        }
    }, 
    {
        "pk": 58, 
        "model": "teams.person", 
        "fields": {
            "slug": "ruben_labhard", 
            "first_name": "Ruben", 
            "last_name": "Labhard", 
            "sortorder": 0 
 
        }
    }, 
    {
        "pk": 19, 
        "model": "teams.person", 
        "fields": {
            "slug": "samir_sarac", 
            "first_name": "Samir", 
            "last_name": "Sarac", 
            "sortorder": 0 
 
        }
    }, 
    {
        "pk": 34, 
        "model": "teams.person", 
        "fields": {
            "slug": "samuel_schaerer", 
            "first_name": "Samuel", 
            "last_name": "Sch\u00e4rer", 
            "sortorder": 0 
 
        }
    }, 
    {
        "pk": 54, 
        "model": "teams.person", 
        "fields": {
            "slug": "sebastian_hottiger", 
            "first_name": "Sebastian", 
            "last_name": "Hottiger", 
            "sortorder": 0
 
        }
    }, 
    {
        "pk": 32, 
        "model": "teams.person", 
        "fields": {
            "slug": "silvan_graf", 
            "first_name": "Silvan", 
            "last_name": "Graf", 
            "sortorder": 0 
 
        }
    }, 
    {
        "pk": 11, 
        "model": "teams.person", 
        "fields": {
            "slug": "simon_achermann", 
            "first_name": "Simon", 
            "last_name": "Achermann", 
            "sortorder": 0 
 
        }
    }, 
    {
        "pk": 22, 
        "model": "teams.person", 
        "fields": {
            "slug": "simon_scholl", 
            "first_name": "Simon", 
            "last_name": "Scholl", 
            "sortorder": 0 
 
        }
    }, 
    {
        "pk": 60, 
        "model": "teams.person", 
        "fields": {
            "slug": "stefan_bolliger", 
            "first_name": "Stefan", 
            "last_name": "Bolliger", 
            "sortorder": 0
 
        }
    }, 
    {
        "pk": 69, 
        "model": "teams.person", 
        "fields": {
            "slug": "stefan_giezendanner", 
            "first_name": "Stefan", 
            "last_name": "Giezendanner", 
            "sortorder": 0 
 
        }
    }, 
    {
        "pk": 39, 
        "model": "teams.person", 
        "fields": {
            "slug": "sven_scheurer", 
            "first_name": "Sven", 
            "last_name": "Scheurer", 
            "sortorder": 0
 
        }
    }, 
    {
        "pk": 10, 
        "model": "teams.person", 
        "fields": {
            "slug": "thomas_dubach", 
            "first_name": "Thomas", 
            "last_name": "Dubach", 
            "sortorder": 0
 
        }
    }, 
    {
        "pk": 78, 
        "model": "teams.person", 
        "fields": {
            "slug": "tobias_gerber", 
            "first_name": "Tobias", 
            "last_name": "Gerber", 
            "sortorder": 0 
 
        }
    }, 
    {
        "pk": 7, 
        "model": "teams.person", 
        "fields": {
            "slug": "tobias_hottiger", 
            "first_name": "Tobias", 
            "last_name": "Hottiger", 
            "sortorder": 0 
 
        }
    }, 
    {
        "pk": 73, 
        "model": "teams.person", 
        "fields": {
            "slug": "torben_janecke", 
            "first_name": "Torben", 
            "last_name": "Janecke", 
            "sortorder": 0 
 
        }
    }, 
    {
        "pk": 57, 
        "model": "teams.person", 
        "fields": {
            "slug": "valentin_freiermuth", 
            "first_name": "Valentin", 
            "last_name": "Freiermuth", 
            "sortorder": 0 
 
        }
    }, 
    {
        "pk": 30, 
        "model": "teams.person", 
        "fields": {
            "slug": "valentin_pfiffner", 
            "first_name": "Valentin", 
            "last_name": "Pfiffner", 
            "sortorder": 0 
 
        }
    }, 
    {
        "pk": 7, 
        "model": "teams.team", 
        "fields": {
            "sortorder": 50, 
            "lastsquad": 5, 
            "name": "U13", 
            "slug": "u13"
        }
    }, 
    {
        "pk": 5, 
        "model": "teams.team", 
        "fields": {
            "sortorder": 60, 
            "lastsquad": null, 
            "name": "U17", 
            "slug": "u17"
        }
    }, 
    {
        "pk": 4, 
        "model": "teams.team", 
        "fields": {
            "sortorder": 70, 
            "lastsquad": null, 
            "name": "U19", 
            "slug": "u19"
        }
    }, 
    {
        "pk": 3, 
        "model": "teams.team", 
        "fields": {
            "sortorder": 80, 
            "lastsquad": 7, 
            "name": "Herren 3", 
            "slug": "herren-3"
        }
    }, 
    {
        "pk": 2, 
        "model": "teams.team", 
        "fields": {
            "sortorder": 90, 
            "lastsquad": 3, 
            "name": "Herren 2", 
            "slug": "herren-2"
        }
    }, 
    {
        "pk": 1, 
        "model": "teams.team", 
        "fields": {
            "sortorder": 100, 
            "lastsquad": 4, 
            "name": "Herren 1", 
            "slug": "herren-1"
        }
    }, 
    {
        "pk": 6, 
        "model": "teams.team", 
        "fields": {
            "sortorder": 110, 
            "lastsquad": 6, 
            "name": "Vorstand", 
            "slug": "vorstand"
        }
    }, 
    {
        "pk": 1, 
        "model": "teams.squad", 
        "fields": {
            "predecessor": null, 
            "name": "1. Liga", 
            "season": 1, 
            "sortorder": 0, 
            "team": 1, 
            "slug": "1-liga", 
            "successor": 2
        }
    }, 
    {
        "pk": 3, 
        "model": "teams.squad", 
        "fields": {
            "predecessor": null, 
            "name": "2. Liga", 
            "season": 3, 
            "sortorder": 0, 
            "team": 2, 
            "slug": "2-liga", 
            "successor": null
        }
    }, 
    {
        "pk": 7, 
        "model": "teams.squad", 
        "fields": {
            "predecessor": null, 
            "name": "3. Liga", 
            "season": 3, 
            "sortorder": 0, 
            "team": 3, 
            "slug": "3-liga", 
            "successor": null
        }
    }, 
    {
        "pk": 2, 
        "model": "teams.squad", 
        "fields": {
            "predecessor": 1, 
            "name": "Aufstiegsspiele", 
            "season": 1, 
            "sortorder": 0, 
            "team": 1, 
            "slug": "aufstiegsspiele", 
            "successor": 4
        }
    }, 
    {
        "pk": 4, 
        "model": "teams.squad", 
        "fields": {
            "predecessor": 2, 
            "name": "NLB", 
            "season": 3, 
            "sortorder": 0, 
            "team": 1, 
            "slug": "nlb", 
            "successor": null
        }
    }, 
    {
        "pk": 6, 
        "model": "teams.squad", 
        "fields": {
            "predecessor": null, 
            "name": "TV Zofingen Handball Herren", 
            "season": 3, 
            "sortorder": 0, 
            "team": 6, 
            "slug": "vorstand", 
            "successor": null
        }
    }, 
    {
        "pk": 5, 
        "model": "teams.squad", 
        "fields": {
            "predecessor": null, 
            "name": "U13", 
            "season": 3, 
            "sortorder": 0, 
            "team": 7, 
            "slug": "u13", 
            "successor": null
        }
    }, 
    {
        "pk": 6, 
        "model": "teams.player", 
        "fields": {
            "positions": [
                1
            ], 
            "number": 1, 
            "person": 1, 
            "squad": 1
        }
    }, 
    {
        "pk": 7, 
        "model": "teams.player", 
        "fields": {
            "positions": [
                3
            ], 
            "number": 3, 
            "person": 4, 
            "squad": 1
        }
    }, 
    {
        "pk": 8, 
        "model": "teams.player", 
        "fields": {
            "positions": [
                2
            ], 
            "number": 4, 
            "person": 5, 
            "squad": 1
        }
    }, 
    {
        "pk": 18, 
        "model": "teams.player", 
        "fields": {
            "positions": [
                4
            ], 
            "number": 5, 
            "person": 6, 
            "squad": 1
        }
    }, 
    {
        "pk": 9, 
        "model": "teams.player", 
        "fields": {
            "positions": [
                5
            ], 
            "number": 8, 
            "person": 8, 
            "squad": 1
        }
    }, 
    {
        "pk": 14, 
        "model": "teams.player", 
        "fields": {
            "positions": [
                2
            ], 
            "number": 9, 
            "person": 9, 
            "squad": 1
        }
    }, 
    {
        "pk": 10, 
        "model": "teams.player", 
        "fields": {
            "positions": [
                3
            ], 
            "number": 11, 
            "person": 10, 
            "squad": 1        }
    }, 
    {
        "pk": 5, 
        "model": "teams.player", 
        "fields": {
            "positions": [
                1
            ], 
            "number": 12, 
            "person": 2, 
            "squad": 1        }
    }, 
    {
        "pk": 4, 
        "model": "teams.player", 
        "fields": {
            "positions": [
                4, 
                6
            ], 
            "number": 13, 
            "person": 7, 
            "squad": 1        }
    }, 
    {
        "pk": 11, 
        "model": "teams.player", 
        "fields": {
            "positions": [
                2, 
                4
            ], 
            "number": 14, 
            "person": 11, 
            "squad": 1        }
    }, 
    {
        "pk": 19, 
        "model": "teams.player", 
        "fields": {
            "positions": [
                4
            ], 
            "number": 15, 
            "person": 12, 
            "squad": 1        }
    }, 
    {
        "pk": 1, 
        "model": "teams.player", 
        "fields": {
            "positions": [
                1
            ], 
            "number": 16, 
            "person": 3, 
            "squad": 1
        }
    }, 
    {
        "pk": 13, 
        "model": "teams.player", 
        "fields": {
            "positions": [
                2, 
                6
            ], 
            "number": 17, 
            "person": 13, 
            "squad": 1
        }
    }, 
    {
        "pk": 12, 
        "model": "teams.player", 
        "fields": {
            "positions": [
                7
            ], 
            "number": 20, 
            "person": 14, 
            "squad": 1
        }
    }, 
    {
        "pk": 16, 
        "model": "teams.player", 
        "fields": {
            "positions": [
                5
            ], 
            "number": 21, 
            "person": 15, 
            "squad": 1
        }
    }, 
    {
        "pk": 17, 
        "model": "teams.player", 
        "fields": {
            "positions": [
                6
            ], 
            "number": 22, 
            "person": 16, 
            "squad": 1
        }
    }, 
    {
        "pk": 15, 
        "model": "teams.player", 
        "fields": {
            "positions": [
                3
            ], 
            "number": 24, 
            "person": 17, 
            "squad": 1
        }
    }, 
    {
        "pk": 20, 
        "model": "teams.player", 
        "fields": {
            "positions": [
                7
            ], 
            "number": 25, 
            "person": 18, 
            "squad": 1 
        }
    }, 
    {
        "pk": 68, 
        "model": "teams.player", 
        "fields": {
            "positions": [
                1
            ], 
            "number": 1, 
            "person": 37, 
            "squad": 3 
        }
    }, 
    {
        "pk": 79, 
        "model": "teams.player", 
        "fields": {
            "positions": [
                5, 
                6
            ], 
            "number": 3, 
            "person": 47, 
            "squad": 3 
        }
    }, 
    {
        "pk": 72, 
        "model": "teams.player", 
        "fields": {
            "positions": [
                4, 
                5
            ], 
            "number": 4, 
            "person": 41, 
            "squad": 3 
 
        }
    }, 
    {
        "pk": 82, 
        "model": "teams.player", 
        "fields": {
            "positions": [
                3
            ], 
            "number": 6, 
            "person": 49, 
            "squad": 3 
 
        }
    }, 
    {
        "pk": 87, 
        "model": "teams.player", 
        "fields": {
            "positions": [
                2
            ], 
            "number": 8, 
            "person": 54, 
            "squad": 3 
 
        }
    }, 
    {
        "pk": 71, 
        "model": "teams.player", 
        "fields": {
            "positions": [
                4
            ], 
            "number": 9, 
            "person": 40, 
            "squad": 3 
 
        }
    }, 
    {
        "pk": 84, 
        "model": "teams.player", 
        "fields": {
            "positions": [
                3
            ], 
            "number": 11, 
            "person": 51, 
            "squad": 3 
 
        }
    }, 
    {
        "pk": 80, 
        "model": "teams.player", 
        "fields": {
            "positions": [
                3
            ], 
            "number": 11, 
            "person": 10, 
            "squad": 3 
 
        }
    }, 
    {
        "pk": 69, 
        "model": "teams.player", 
        "fields": {
            "positions": [
                1
            ], 
            "number": 12, 
            "person": 38, 
            "squad": 3 
 
        }
    }, 
    {
        "pk": 81, 
        "model": "teams.player", 
        "fields": {
            "positions": [
                2
            ], 
            "number": 13, 
            "person": 48, 
            "squad": 3 
 
         }
        

    }, 
    {
        "pk": 94, 
        "model": "teams.player", 
        "fields": {
            "positions": [
                7
            ], 
            "number": 14, 
            "person": 26, 
            "squad": 3 
 
         }
        

 
    }, 
    {
        "pk": 85, 
        "model": "teams.player", 
        "fields": {
            "positions": [
                2, 
                7
            ], 
            "number": 15, 
            "person": 52, 
            "squad": 3 
 
         }
        

 
    }, 
    {
        "pk": 70, 
        "model": "teams.player", 
        "fields": {
            "positions": [
                1
            ], 
            "number": 16, 
            "person": 39, 
            "squad": 3 
 
         }
        

 
    }, 
    {
        "pk": 73, 
        "model": "teams.player", 
        "fields": {
            "positions": [
                5
            ], 
            "number": 17, 
            "person": 42, 
            "squad": 3 
 
         }
        

 
        }, 
    {
        "pk": 77, 
        "model": "teams.player", 
        "fields": {
            "positions": [
                5
            ], 
            "number": 18, 
            "person": 8, 
            "squad": 3 
 
         }
        

 
        }, 
    {
        "pk": 76, 
        "model": "teams.player", 
        "fields": {
            "positions": [
                4, 
                6
            ], 
            "number": 20, 
            "person": 45, 
            "squad": 3 
 
         }
        

 
        }, 
    {
        "pk": 88, 
        "model": "teams.player", 
        "fields": {
            "positions": [
                7
            ], 
            "number": 22, 
            "person": 55, 
            "squad": 3 
 
         }
        

 
        }, 
    {
        "pk": 78, 
        "model": "teams.player", 
        "fields": {
            "positions": [
                4
            ], 
            "number": 23, 
            "person": 46, 
            "squad": 3 
 
         }
        

 
        }, 
    {
        "pk": 75, 
        "model": "teams.player", 
        "fields": {
            "positions": [
                3, 
                6
            ], 
            "number": 23, 
            "person": 44, 
            "squad": 3 
 
         }
        

 
        }, 
    {
        "pk": 74, 
        "model": "teams.player", 
        "fields": {
            "positions": [
                2
            ], 
            "number": 24, 
            "person": 43, 
            "squad": 3 
 
         }
        

 
        }, 
    {
        "pk": 100, 
        "model": "teams.player", 
        "fields": {
            "positions": [
                3
            ], 
            "number": 25, 
            "person": 4, 
            "squad": 3 
 
         }
        

 
        }, 
    {
        "pk": 93, 
        "model": "teams.player", 
        "fields": {
            "positions": [
                2, 
                4
            ], 
            "number": 26, 
            "person": 22, 
            "squad": 3 
 
         }
        

 
        }, 
    {
        "pk": 89, 
        "model": "teams.player", 
        "fields": {
            "positions": [
                7
            ], 
            "number": 27, 
            "person": 56, 
            "squad": 3 
 
         }
        

 
        }, 
    {
        "pk": 104, 
        "model": "teams.player", 
        "fields": {
            "positions": [
                1
            ], 
            "number": 0, 
            "person": 66, 
            "squad": 7 
 
         }
        

 
        }, 
    {
        "pk": 102, 
        "model": "teams.player", 
        "fields": {
            "positions": [
                13
            ], 
            "number": 0, 
            "person": 64, 
            "squad": 7 
 
         }
        

 
        }, 
    {
        "pk": 108, 
        "model": "teams.player", 
        "fields": {
            "positions": [
                13
            ], 
            "number": 0, 
            "person": 70, 
            "squad": 7 
 
         }
        

 
        }, 
    {
        "pk": 110, 
        "model": "teams.player", 
        "fields": {
            "positions": [
                13
            ], 
            "number": 0, 
            "person": 72, 
            "squad": 7 
 
         }
        

 
        }, 
    {
        "pk": 113, 
        "model": "teams.player", 
        "fields": {
            "positions": [
                13
            ], 
            "number": 0, 
            "person": 75, 
            "squad": 7 
 
         }
        

 
        }, 
    {
        "pk": 101, 
        "model": "teams.player", 
        "fields": {
            "positions": [
                13
            ], 
            "number": 0, 
            "person": 63, 
            "squad": 7 
 
         }
        

 
        }, 
    {
        "pk": 105, 
        "model": "teams.player", 
        "fields": {
            "positions": [
                13
            ], 
            "number": 0, 
            "person": 67, 
            "squad": 7 
 
         }
        

 
        }, 
    {
        "pk": 112, 
        "model": "teams.player", 
        "fields": {
            "positions": [
                13
            ], 
            "number": 0, 
            "person": 74, 
            "squad": 7 
 
         }
        

 
        }, 
    {
        "pk": 109, 
        "model": "teams.player", 
        "fields": {
            "positions": [
                13
            ], 
            "number": 0, 
            "person": 71, 
            "squad": 7 
 
         }
        

 
        }, 
    {
        "pk": 106, 
        "model": "teams.player", 
        "fields": {
            "positions": [
                13
            ], 
            "number": 0, 
            "person": 68, 
            "squad": 7 
 
         }
        

 
        }, 
    {
        "pk": 103, 
        "model": "teams.player", 
        "fields": {
            "positions": [
                1
            ], 
            "number": 0, 
            "person": 65, 
            "squad": 7 
 
         }
        

 
        }, 
    {
        "pk": 107, 
        "model": "teams.player", 
        "fields": {
            "positions": [
                1
            ], 
            "number": 0, 
            "person": 69, 
            "squad": 7 
 
         }
        

 
        }, 
    {
        "pk": 111, 
        "model": "teams.player", 
        "fields": {
            "positions": [
                13
            ], 
            "number": 0, 
            "person": 73, 
            "squad": 7 
 
         }
        

 
        }, 
    {
        "pk": 86, 
        "model": "teams.player", 
        "fields": {
            "positions": [
                2
            ], 
            "number": 10, 
            "person": 53, 
            "squad": 7 
 
         }
        

 
        }, 
    {
        "pk": 21, 
        "model": "teams.player", 
        "fields": {
            "positions": [
                1
            ], 
            "number": 1, 
            "person": 1, 
            "squad": 2 
 
         }
        

 
        }, 
    {
        "pk": 22, 
        "model": "teams.player", 
        "fields": {
            "positions": [
                3
            ], 
            "number": 3, 
            "person": 4, 
            "squad": 2 
 
         }
        

 
        }, 
    {
        "pk": 23, 
        "model": "teams.player", 
        "fields": {
            "positions": [
                2
            ], 
            "number": 4, 
            "person": 5, 
            "squad": 2 
 
         }
        

 
        }, 
    {
        "pk": 24, 
        "model": "teams.player", 
        "fields": {
            "positions": [
                4
            ], 
            "number": 5, 
            "person": 6, 
            "squad": 2 
 
         }
        

 
        }, 
    {
        "pk": 25, 
        "model": "teams.player", 
        "fields": {
            "positions": [
                5
            ], 
            "number": 8, 
            "person": 8, 
            "squad": 2 
 
         }
        

 
        }, 
    {
        "pk": 26, 
        "model": "teams.player", 
        "fields": {
            "positions": [
                2
            ], 
            "number": 9, 
            "person": 9, 
            "squad": 2 
 
         }
        

 
        }, 
    {
        "pk": 27, 
        "model": "teams.player", 
        "fields": {
            "positions": [
                3
            ], 
            "number": 11, 
            "person": 10, 
            "squad": 2 
 
         }
        

 
        }, 
    {
        "pk": 28, 
        "model": "teams.player", 
        "fields": {
            "positions": [
                1
            ], 
            "number": 12, 
            "person": 2, 
            "squad": 2 
 
         }
        

 
        }, 
    {
        "pk": 29, 
        "model": "teams.player", 
        "fields": {
            "positions": [
                4, 
                6
            ], 
            "number": 13, 
            "person": 7, 
            "squad": 2 
 
         }
        

 
        }, 
    {
        "pk": 30, 
        "model": "teams.player", 
        "fields": {
            "positions": [
                2, 
                4
            ], 
            "number": 14, 
            "person": 11, 
            "squad": 2 
 
         }
        

 
        }, 
    {
        "pk": 31, 
        "model": "teams.player", 
        "fields": {
            "positions": [
                4
            ], 
            "number": 15, 
            "person": 12, 
            "squad": 2 
 
         }
        

 
        }, 
    {
        "pk": 2, 
        "model": "teams.player", 
        "fields": {
            "positions": [
                1
            ], 
            "number": 16, 
            "person": 3, 
            "squad": 2 
 
         }
        

 
        }, 
    {
        "pk": 32, 
        "model": "teams.player", 
        "fields": {
            "positions": [
                2, 
                6
            ], 
            "number": 17, 
            "person": 13, 
            "squad": 2 
 
         }
        

 
        }, 
    {
        "pk": 33, 
        "model": "teams.player", 
        "fields": {
            "positions": [
                7
            ], 
            "number": 20, 
            "person": 14, 
            "squad": 2 
 
         }
        

 
        }, 
    {
        "pk": 34, 
        "model": "teams.player", 
        "fields": {
            "positions": [
                5
            ], 
            "number": 21, 
            "person": 15, 
            "squad": 2 
 
         }
        

 
        }, 
    {
        "pk": 35, 
        "model": "teams.player", 
        "fields": {
            "positions": [
                6
            ], 
            "number": 22, 
            "person": 16, 
            "squad": 2 
 
         }
        

 
        }, 
    {
        "pk": 36, 
        "model": "teams.player", 
        "fields": {
            "positions": [
                3
            ], 
            "number": 24, 
            "person": 17, 
            "squad": 2 
 
         }
        

 
        }, 
    {
        "pk": 37, 
        "model": "teams.player", 
        "fields": {
            "positions": [
                7
            ], 
            "number": 25, 
            "person": 18, 
            "squad": 2 
 
         }
        

 
        }, 
    {
        "pk": 56, 
        "model": "teams.player", 
        "fields": {
            "positions": [
                4
            ], 
            "number": 26, 
            "person": 27, 
            "squad": 2 
 
         }
        

 
        }, 
    {
        "pk": 58, 
        "model": "teams.player", 
        "fields": {
            "positions": [
                1
            ], 
            "number": 1, 
            "person": 1, 
            "squad": 4 
 
         }
        

 
        }, 
    {
        "pk": 65, 
        "model": "teams.player", 
        "fields": {
            "positions": [
                4
            ], 
            "number": 4, 
            "person": 34, 
            "squad": 4 
 
         }
        

 
        }, 
    {
        "pk": 60, 
        "model": "teams.player", 
        "fields": {
            "positions": [
                4, 
                6
            ], 
            "number": 5, 
            "person": 30, 
            "squad": 4 
 
         }
        

 
        }, 
    {
        "pk": 66, 
        "model": "teams.player", 
        "fields": {
            "positions": [
                6
            ], 
            "number": 6, 
            "person": 35, 
            "squad": 4 
 
         }
        

 
        }, 
    {
        "pk": 61, 
        "model": "teams.player", 
        "fields": {
            "positions": [
                3, 
                5
            ], 
            "number": 7, 
            "person": 29, 
            "squad": 4 
 
         }
        

 
        }, 
    {
        "pk": 64, 
        "model": "teams.player", 
        "fields": {
            "positions": [
                3
            ], 
            "number": 8, 
            "person": 33, 
            "squad": 4 
 
         }
        

 
        }, 
    {
        "pk": 97, 
        "model": "teams.player", 
        "fields": {
            "positions": [
                2
            ], 
            "number": 9, 
            "person": 9, 
            "squad": 4 
 
         }
        

 
        }, 
    {
        "pk": 98, 
        "model": "teams.player", 
        "fields": {
            "positions": [
                3
            ], 
            "number": 11, 
            "person": 10, 
            "squad": 4 
 
         }
        

 
        }, 
    {
        "pk": 59, 
        "model": "teams.player", 
        "fields": {
            "positions": [
                1
            ], 
            "number": 12, 
            "person": 28, 
            "squad": 4 
 
         }
        

 
        }, 
    {
        "pk": 95, 
        "model": "teams.player", 
        "fields": {
            "positions": [
                2
            ], 
            "number": 14, 
            "person": 11, 
            "squad": 4 
 
         }
        

 
        }, 
    {
        "pk": 57, 
        "model": "teams.player", 
        "fields": {
            "positions": [
                1
            ], 
            "number": 16, 
            "person": 3, 
            "squad": 4 
 
         }
        

 
        }, 
    {
        "pk": 99, 
        "model": "teams.player", 
        "fields": {
            "positions": [
                2, 
                6
            ], 
            "number": 17, 
            "person": 13, 
            "squad": 4 
 
         }
        

 
        }, 
    {
        "pk": 67, 
        "model": "teams.player", 
        "fields": {
            "positions": [
                7
            ], 
            "number": 18, 
            "person": 36, 
            "squad": 4 
 
         }
        

 
        }, 
    {
        "pk": 51, 
        "model": "teams.player", 
        "fields": {
            "positions": [
                7
            ], 
            "number": 20, 
            "person": 14, 
            "squad": 4 
 
         }
        

 
        }, 
    {
        "pk": 52, 
        "model": "teams.player", 
        "fields": {
            "positions": [
                5
            ], 
            "number": 21, 
            "person": 15, 
            "squad": 4 
 
         }
        

 
        }, 
    {
        "pk": 53, 
        "model": "teams.player", 
        "fields": {
            "positions": [
                6
            ], 
            "number": 22, 
            "person": 16, 
            "squad": 4 
 
         }
        

 
        }, 
    {
        "pk": 62, 
        "model": "teams.player", 
        "fields": {
            "positions": [
                7
            ], 
            "number": 23, 
            "person": 31, 
            "squad": 4 
 
         }
        

 
        }, 
    {
        "pk": 63, 
        "model": "teams.player", 
        "fields": {
            "positions": [
                4
            ], 
            "number": 24, 
            "person": 32, 
            "squad": 4 
 
         }
        

 
        }, 
    {
        "pk": 55, 
        "model": "teams.player", 
        "fields": {
            "positions": [
                7
            ], 
            "number": 25, 
            "person": 18, 
            "squad": 4 
 
         }
        

 
        }, 
    {
        "pk": 1, 
        "model": "teams.contact", 
        "fields": {
            "person": 61, 
            "squad": 5, 
            "sortorder": 0, 
            "phone": "", 
            "address": ""
        }
    }, 
    {
        "pk": 2, 
        "model": "teams.contact", 
        "fields": {
            "person": 40, 
            "squad": 6, 
            "sortorder": 0, 
            "phone": "062 777 77 77", 
            "address": "Teststrasse 1"
        }
    }, 
    {
        "pk": 1, 
        "model": "teams.staff", 
        "fields": {
            "function": "Trainer", 
            "person": 19, 
            "squad": 1, 
            "sortorder": 10
        }
    }, 
    {
        "pk": 6, 
        "model": "teams.staff", 
        "fields": {
            "function": "Assistenz Trainer", 
            "person": 20, 
            "squad": 1, 
            "sortorder": 20
        }
    }, 
    {
        "pk": 2, 
        "model": "teams.staff", 
        "fields": {
            "function": "Physio", 
            "person": 23, 
            "squad": 1, 
            "sortorder": 30
        }
    }, 
    {
        "pk": 3, 
        "model": "teams.staff", 
        "fields": {
            "function": "Physio", 
            "person": 22, 
            "squad": 1, 
            "sortorder": 40
        }
    }, 
    {
        "pk": 4, 
        "model": "teams.staff", 
        "fields": {
            "function": "Phyisio", 
            "person": 24, 
            "squad": 1, 
            "sortorder": 50
        }
    }, 
    {
        "pk": 5, 
        "model": "teams.staff", 
        "fields": {
            "function": "Phyisio", 
            "person": 21, 
            "squad": 1, 
            "sortorder": 60
        }
    }, 
    {
        "pk": 20, 
        "model": "teams.staff", 
        "fields": {
            "function": "Trainer", 
            "person": 59, 
            "squad": 3, 
            "sortorder": 10
        }
    }, 
    {
        "pk": 21, 
        "model": "teams.staff", 
        "fields": {
            "function": "Trainer", 
            "person": 60, 
            "squad": 3, 
            "sortorder": 20
        }
    }, 
    {
        "pk": 23, 
        "model": "teams.staff", 
        "fields": {
            "function": "Mannschaftsverantwortlicher", 
            "person": 62, 
            "squad": 7, 
            "sortorder": 0
        }
    }, 
    {
        "pk": 7, 
        "model": "teams.staff", 
        "fields": {
            "function": "Trainer", 
            "person": 19, 
            "squad": 2, 
            "sortorder": 10
        }
    }, 
    {
        "pk": 8, 
        "model": "teams.staff", 
        "fields": {
            "function": "Assistenz Trainer", 
            "person": 20, 
            "squad": 2, 
            "sortorder": 20
        }
    }, 
    {
        "pk": 9, 
        "model": "teams.staff", 
        "fields": {
            "function": "Physio", 
            "person": 23, 
            "squad": 2, 
            "sortorder": 30
        }
    }, 
    {
        "pk": 10, 
        "model": "teams.staff", 
        "fields": {
            "function": "Physio", 
            "person": 22, 
            "squad": 2, 
            "sortorder": 40
        }
    }, 
    {
        "pk": 11, 
        "model": "teams.staff", 
        "fields": {
            "function": "Phyisio", 
            "person": 24, 
            "squad": 2, 
            "sortorder": 50
        }
    }, 
    {
        "pk": 12, 
        "model": "teams.staff", 
        "fields": {
            "function": "Phyisio", 
            "person": 21, 
            "squad": 2, 
            "sortorder": 60
        }
    }, 
    {
        "pk": 13, 
        "model": "teams.staff", 
        "fields": {
            "function": "Trainer", 
            "person": 19, 
            "squad": 4, 
            "sortorder": 10
        }
    }, 
    {
        "pk": 14, 
        "model": "teams.staff", 
        "fields": {
            "function": "Assistenz Trainer", 
            "person": 20, 
            "squad": 4, 
            "sortorder": 20
        }
    }, 
    {
        "pk": 19, 
        "model": "teams.staff", 
        "fields": {
            "function": "Teammanager", 
            "person": 7, 
            "squad": 4, 
            "sortorder": 30
        }
    }, 
    {
        "pk": 15, 
        "model": "teams.staff", 
        "fields": {
            "function": "Physio", 
            "person": 23, 
            "squad": 4, 
            "sortorder": 40
        }
    }, 
    {
        "pk": 16, 
        "model": "teams.staff", 
        "fields": {
            "function": "Physio", 
            "person": 22, 
            "squad": 4, 
            "sortorder": 50
        }
    }, 
    {
        "pk": 18, 
        "model": "teams.staff", 
        "fields": {
            "function": "Phyisio", 
            "person": 21, 
            "squad": 4, 
            "sortorder": 60
        }
    }, 
    {
        "pk": 24, 
        "model": "teams.staff", 
        "fields": {
            "function": "Pr\u00e4sident", 
            "person": 76, 
            "squad": 6, 
            "sortorder": 10
        }
    }, 
    {
        "pk": 25, 
        "model": "teams.staff", 
        "fields": {
            "function": "Leitung Gesch\u00e4ftsstelle", 
            "person": 40, 
            "squad": 6, 
            "sortorder": 20
        }
    }, 
    {
        "pk": 27, 
        "model": "teams.staff", 
        "fields": {
            "function": "Sportchef", 
            "person": 77, 
            "squad": 6, 
            "sortorder": 30
        }
    }, 
    {
        "pk": 28, 
        "model": "teams.staff", 
        "fields": {
            "function": "Event Manager", 
            "person": 78, 
            "squad": 6, 
            "sortorder": 40
        }
    }, 
    {
        "pk": 29, 
        "model": "teams.staff", 
        "fields": {
            "function": "Chef Junioren", 
            "person": 79, 
            "squad": 6, 
            "sortorder": 50
        }
    }, 
    {
        "pk": 30, 
        "model": "teams.staff", 
        "fields": {
            "function": "Finanzen", 
            "person": 80, 
            "squad": 6, 
            "sortorder": 60
        }
    }, 
    {
        "pk": 22, 
        "model": "teams.staff", 
        "fields": {
            "function": "Trainer", 
            "person": 61, 
            "squad": 5, 
            "sortorder": 0
        }
    }, 
    {
        "pk": 2, 
        "model": "teams.externalteam", 
        "fields": {
            "url": "http://www.staedtli.ch/", 
            "name": "STV Baden", 
            "slug": "stv-baden"
        }
    }, 
    {
        "pk": 4, 
        "model": "teams.externalteam", 
        "fields": {
            "url": "", 
            "name": "inaktiv", 
            "slug": "inaktiv"
        }
    }, 
    {
        "pk": 3, 
        "model": "teams.externalteam", 
        "fields": {
            "url": "", 
            "name": "R\u00fccktritt / unbekannt", 
            "slug": "rucktritt-unbekannt"
        }
    }, 
    {
        "pk": 5, 
        "model": "teams.externalteam", 
        "fields": {
            "url": "http://www.tvmuri.ch/", 
            "name": "TV Muri", 
            "slug": "tv-muri"
        }
    }, 
    {
        "pk": 6, 
        "model": "teams.externalteam", 
        "fields": {
            "url": "", 
            "name": "GC/Amicitia", 
            "slug": "gcamicitia"
        }
    }, 
    {
        "pk": 7, 
        "model": "teams.externalteam", 
        "fields": {
            "url": "", 
            "name": "TV Wohlen", 
            "slug": "tv-wohlen"
        }
    }, 
    {
        "pk": 8, 
        "model": "teams.externalteam", 
        "fields": {
            "url": "http://tvd-handball.ch/", 
            "name": "TV Dagmersellen", 
            "slug": "tv-dagmersellen"
        }
    }, 
    {
        "pk": 9, 
        "model": "teams.externalteam", 
        "fields": {
            "url": "http://www.tvsuhr.ch/", 
            "name": "Doppellizenz mit Suhr", 
            "slug": "doppellizenz-mit-suhr"
        }
    }, 
    {
        "pk": 10, 
        "model": "teams.externalteam", 
        "fields": {
            "url": "http://www.hvh.ch/", 
            "name": "HV Herzogenbuchsee", 
            "slug": "hv-herzogenbuchsee"
        }
    }, 
    {
        "pk": 11, 
        "model": "teams.externalteam", 
        "fields": {
            "url": "http://www.handball-brugg.ch/", 
            "name": "Handball Brugg", 
            "slug": "handball-brugg"
        }
    }, 
    {
        "pk": 12, 
        "model": "teams.externalteam", 
        "fields": {
            "url": "http://www.hscsuhraarau.ch/", 
            "name": "HSC Suhr Aarau", 
            "slug": "hsc-suhr-aarau"
        }
    }, 
    {
        "pk": 13, 
        "model": "teams.externalteam", 
        "fields": {
            "url": "", 
            "name": "HV Suhrenthal", 
            "slug": "hv-suhrenthal"
        }
    }, 
    {
        "pk": 6, 
        "model": "teams.transfer", 
        "fields": {
            "person": 17, 
            "oldextern": null, 
            "old": 2, 
            "newextern": 3, 
            "new": null
        }
    }, 
    {
        "pk": 20, 
        "model": "teams.transfer", 
        "fields": {
            "person": 35, 
            "oldextern": 7, 
            "old": null, 
            "newextern": null, 
            "new": 4
        }
    }, 
    {
        "pk": 5, 
        "model": "teams.transfer", 
        "fields": {
            "person": 5, 
            "oldextern": null, 
            "old": 2, 
            "newextern": 3, 
            "new": null
        }
    }, 
    {
        "pk": 23, 
        "model": "teams.transfer", 
        "fields": {
            "person": 45, 
            "oldextern": 13, 
            "old": null, 
            "newextern": null, 
            "new": 3
        }
    }, 
    {
        "pk": 22, 
        "model": "teams.transfer", 
        "fields": {
            "person": 4, 
            "oldextern": null, 
            "old": 2, 
            "newextern": null, 
            "new": 3
        }
    }, 
    {
        "pk": 4, 
        "model": "teams.transfer", 
        "fields": {
            "person": 4, 
            "oldextern": null, 
            "old": 2, 
            "newextern": 3, 
            "new": null
        }
    }, 
    {
        "pk": 10, 
        "model": "teams.transfer", 
        "fields": {
            "person": 12, 
            "oldextern": null, 
            "old": 2, 
            "newextern": 3, 
            "new": null
        }
    }, 
    {
        "pk": 21, 
        "model": "teams.transfer", 
        "fields": {
            "person": 36, 
            "oldextern": 9, 
            "old": null, 
            "newextern": null, 
            "new": 4
        }
    }, 
    {
        "pk": 11, 
        "model": "teams.transfer", 
        "fields": {
            "person": 27, 
            "oldextern": 4, 
            "old": null, 
            "newextern": null, 
            "new": 2
        }
    }, 
    {
        "pk": 12, 
        "model": "teams.transfer", 
        "fields": {
            "person": 27, 
            "oldextern": null, 
            "old": 2, 
            "newextern": 3, 
            "new": null
        }
    }, 
    {
        "pk": 18, 
        "model": "teams.transfer", 
        "fields": {
            "person": 33, 
            "oldextern": 11, 
            "old": null, 
            "newextern": null, 
            "new": 4
        }
    }, 
    {
        "pk": 15, 
        "model": "teams.transfer", 
        "fields": {
            "person": 29, 
            "oldextern": 6, 
            "old": null, 
            "newextern": null, 
            "new": 4
        }
    }, 
    {
        "pk": 7, 
        "model": "teams.transfer", 
        "fields": {
            "person": 6, 
            "oldextern": null, 
            "old": 2, 
            "newextern": 3, 
            "new": null
        }
    }, 
    {
        "pk": 3, 
        "model": "teams.transfer", 
        "fields": {
            "person": 2, 
            "oldextern": null, 
            "old": 2, 
            "newextern": 2, 
            "new": null
        }
    }, 
    {
        "pk": 16, 
        "model": "teams.transfer", 
        "fields": {
            "person": 31, 
            "oldextern": 12, 
            "old": null, 
            "newextern": null, 
            "new": 4
        }
    }, 
    {
        "pk": 13, 
        "model": "teams.transfer", 
        "fields": {
            "person": 28, 
            "oldextern": 5, 
            "old": null, 
            "newextern": null, 
            "new": 4
        }
    }, 
    {
        "pk": 8, 
        "model": "teams.transfer", 
        "fields": {
            "person": 8, 
            "oldextern": null, 
            "old": 2, 
            "newextern": null, 
            "new": 3
        }
    }, 
    {
        "pk": 19, 
        "model": "teams.transfer", 
        "fields": {
            "person": 34, 
            "oldextern": 10, 
            "old": null, 
            "newextern": null, 
            "new": 4
        }
    }, 
    {
        "pk": 17, 
        "model": "teams.transfer", 
        "fields": {
            "person": 32, 
            "oldextern": 8, 
            "old": null, 
            "newextern": null, 
            "new": 4
        }
    }, 
    {
        "pk": 9, 
        "model": "teams.transfer", 
        "fields": {
            "person": 7, 
            "oldextern": null, 
            "old": 2, 
            "newextern": 3, 
            "new": null
        }
    }, 
    {
        "pk": 14, 
        "model": "teams.transfer", 
        "fields": {
            "person": 30, 
            "oldextern": 5, 
            "old": null, 
            "newextern": null, 
            "new": 4
        }
    }, 
    {
        "pk": 2, 
        "model": "teams.season", 
        "fields": {
            "name": "2009/2010", 
            "slug": "20092010"
        }
    }, 
    {
        "pk": 1, 
        "model": "teams.season", 
        "fields": {
            "name": "2010/2011", 
            "slug": "20102011"
        }
    }, 
    {
        "pk": 3, 
        "model": "teams.season", 
        "fields": {
            "name": "2011/2012", 
            "slug": "20112012"
        }
    }
]
